protein,module,in_GR_module
RPA0002,4,False
RPA0004,1,True
RPA0008,10,False
RPA0009,6,False
RPA0010,9,True
RPA0016,7,True
RPA0018,3,True
RPA0021,4,False
RPA0022,2,True
RPA0025,8,False
RPA0027,2,True
RPA0028,6,False
RPA0030,16,False
RPA0031,2,True
RPA0035,3,True
RPA0036,1,True
RPA0037,4,False
RPA0038,1,True
RPA0041,9,True
RPA0043,1,True
RPA0045,6,False
RPA0046,9,True
RPA0047,20,False
RPA0048,15,False
RPA0049,6,False
RPA0050,18,False
RPA0051,14,False
RPA0052,20,False
RPA0053,10,False
RPA0054,12,False
RPA0055,1,True
RPA0058,17,False
RPA0059,12,False
RPA0060,15,False
RPA0061,16,False
RPA0063,8,False
RPA0064,6,False
RPA0065,1,True
RPA0066,1,True
RPA0067,11,False
RPA0068,17,False
RPA0069,2,True
RPA0070,11,False
RPA0071,18,False
RPA0073,1,True
RPA0075,7,True
RPA0076,4,False
RPA0078,1,True
RPA0080,12,False
RPA0083,14,False
RPA0085,15,False
RPA0089,17,False
RPA0090,9,True
RPA0091,3,True
RPA0092,1,True
RPA0095,11,False
RPA0109,12,False
RPA0118,16,False
RPA0119,16,False
RPA0122,3,True
RPA0136,1,True
RPA0139,15,False
RPA0144,3,True
RPA0147,1,True
RPA0157,7,True
RPA0158,5,False
RPA0159,13,True
RPA0162,14,False
RPA0164,13,True
RPA0168,1,True
RPA0169,11,False
RPA0170,11,False
RPA0171,2,True
RPA0173,6,False
RPA0174,4,False
RPA0175,2,True
RPA0176,4,False
RPA0178,6,False
RPA0179,14,False
RPA0180,3,True
RPA0185,3,True
RPA0186,2,True
RPA0188,4,False
RPA0189,6,False
RPA0190,5,False
RPA0191,14,False
RPA0192,16,False
RPA0193,1,True
RPA0196,4,False
RPA0198,5,False
RPA0199,13,True
RPA0202,6,False
RPA0206,14,False
RPA0207,20,False
RPA0209,14,False
RPA0211,1,True
RPA0215,2,True
RPA0216,4,False
RPA0217,1,True
RPA0218,5,False
RPA0221,1,True
RPA0222,8,False
RPA0224,7,True
RPA0225,17,False
RPA0227,14,False
RPA0228,8,False
RPA0230,12,False
RPA0232,16,False
RPA0233,16,False
RPA0234,15,False
RPA0235,2,True
RPA0236,2,True
RPA0240,18,False
RPA0241,5,False
RPA0242,4,False
RPA0243,8,False
RPA0244,2,True
RPA0245,11,False
RPA0248,2,True
RPA0249,19,False
RPA0250,6,False
RPA0253,12,False
RPA0254,11,False
RPA0256,7,True
RPA0257,22,False
RPA0258,6,False
RPA0259,3,True
RPA0262,3,True
RPA0263,12,False
RPA0267,11,False
RPA0268,9,True
RPA0269,19,False
RPA0271,1,True
RPA0272,16,False
RPA0274,1,True
RPA0280,7,True
RPA0282,15,False
RPA0283,5,False
RPA0287,6,False
RPA0288,9,True
RPA0291,2,True
RPA0292,9,True
RPA0293,16,False
RPA0295,11,False
RPA0296,14,False
RPA0298,2,True
RPA0300,10,False
RPA0302,4,False
RPA0306,9,True
RPA0308,12,False
RPA0309,2,True
RPA0311,2,True
RPA0312,16,False
RPA0313,4,False
RPA0314,2,True
RPA0322,12,False
RPA0325,9,True
RPA0326,9,True
RPA0327,17,False
RPA0328,13,True
RPA0329,5,False
RPA0330,1,True
RPA0331,1,True
RPA0332,4,False
RPA0333,14,False
RPA0334,4,False
RPA0336,5,False
RPA0337,5,False
RPA0338,2,True
RPA0339,5,False
RPA0340,4,False
RPA0351,7,True
RPA0352,21,False
RPA0354,12,False
RPA0355,1,True
RPA0356,12,False
RPA0358,9,True
RPA0359,16,False
RPA0360,7,True
RPA0367,14,False
RPA0371,12,False
RPA0373,10,False
RPA0375,15,False
RPA0377,11,False
RPA0379,7,True
RPA0381,17,False
RPA0382,3,True
RPA0387,12,False
RPA0389,18,False
RPA0392,6,False
RPA0395,2,True
RPA0397,7,True
RPA0402,9,True
RPA0404,1,True
RPA0408,11,False
RPA0411,10,False
RPA0413,14,False
RPA0416,5,False
RPA0417,2,True
RPA0422,6,False
RPA0425,9,True
RPA0426,6,False
RPA0427,2,True
RPA0428,1,True
RPA0429,4,False
RPA0431,14,False
RPA0432,6,False
RPA0433,5,False
RPA0434,4,False
RPA0435,2,True
RPA0436,1,True
RPA0437,9,True
RPA0438,4,False
RPA0439,4,False
RPA0443,2,True
RPA0445,4,False
RPA0450,3,True
RPA0452,3,True
RPA0453,2,True
RPA0455,2,True
RPA0460,2,True
RPA0461,3,True
RPA0465,15,False
RPA0466,2,True
RPA0467,9,True
RPA0470,19,False
RPA0477,3,True
RPA0479,4,False
RPA0480,4,False
RPA0481,1,True
RPA0482,1,True
RPA0483,5,False
RPA0484,1,True
RPA0485,12,False
RPA0487,10,False
RPA0489,1,True
RPA0491,18,False
RPA0493,13,True
RPA0496,1,True
RPA0498,10,False
RPA0500,2,True
RPA0501,2,True
RPA0503,10,False
RPA0504,15,False
RPA0508,4,False
RPA0510,1,True
RPA0511,1,True
RPA0513,13,True
RPA0524,14,False
RPA0525,15,False
RPA0526,1,True
RPA0531,4,False
RPA0532,8,False
RPA0537,7,True
RPA0538,8,False
RPA0543,20,False
RPA0547,2,True
RPA0557,1,True
RPA0558,2,True
RPA0559,4,False
RPA0561,2,True
RPA0562,2,True
RPA0566,10,False
RPA0568,8,False
RPA0569,22,False
RPA0571,4,False
RPA0580,5,False
RPA0582,2,True
RPA0584,1,True
RPA0586,5,False
RPA0590,11,False
RPA0592,9,True
RPA0595,4,False
RPA0596,11,False
RPA0598,1,True
RPA0599,16,False
RPA0600,1,True
RPA0603,11,False
RPA0604,3,True
RPA0606,11,False
RPA0607,1,True
RPA0608,1,True
RPA0610,2,True
RPA0612,5,False
RPA0613,5,False
RPA0615,1,True
RPA0616,2,True
RPA0617,5,False
RPA0618,1,True
RPA0621,3,True
RPA0622,9,True
RPA0624,4,False
RPA0626,1,True
RPA0629,14,False
RPA0631,2,True
RPA0632,18,False
RPA0653,3,True
RPA0654,12,False
RPA0655,3,True
RPA0658,20,False
RPA0661,6,False
RPA0662,1,True
RPA0677,12,False
RPA0684,19,False
RPA0703,10,False
RPA0707,8,False
RPA0715,11,False
RPA0718,2,True
RPA0720,16,False
RPA0732,13,True
RPA0734,2,True
RPA0741,4,False
RPA0747,1,True
RPA0750,21,False
RPA0751,2,True
RPA0753,6,False
RPA0761,1,True
RPA0776,8,False
RPA0778,3,True
RPA0782,22,False
RPA0784,7,True
RPA0787,7,True
RPA0794,3,True
RPA0802,7,True
RPA0806,12,False
RPA0816,7,True
RPA0817,4,False
RPA0818,1,True
RPA0820,5,False
RPA0823,3,True
RPA0825,11,False
RPA0826,1,True
RPA0829,8,False
RPA0831,2,True
RPA0840,4,False
RPA0842,10,False
RPA0843,1,True
RPA0844,1,True
RPA0847,1,True
RPA0848,5,False
RPA0849,22,False
RPA0850,13,True
RPA0852,7,True
RPA0854,7,True
RPA0855,1,True
RPA0856,13,True
RPA0860,21,False
RPA0862,14,False
RPA0865,5,False
RPA0866,2,True
RPA0867,5,False
RPA0870,3,True
RPA0872,1,True
RPA0873,12,False
RPA0875,16,False
RPA0876,4,False
RPA0880,15,False
RPA0884,21,False
RPA0885,10,False
RPA0887,16,False
RPA0889,8,False
RPA0890,15,False
RPA0891,2,True
RPA0892,1,True
RPA0897,11,False
RPA0906,13,True
RPA0907,1,True
RPA0909,10,False
RPA0910,10,False
RPA0912,21,False
RPA0913,13,True
RPA0914,1,True
RPA0915,14,False
RPA0916,1,True
RPA0917,1,True
RPA0918,2,True
RPA0921,4,False
RPA0922,2,True
RPA0932,7,True
RPA0933,7,True
RPA0934,7,True
RPA0936,2,True
RPA0937,5,False
RPA0938,4,False
RPA0939,1,True
RPA0940,4,False
RPA0941,1,True
RPA0943,9,True
RPA0944,16,False
RPA0945,2,True
RPA0947,15,False
RPA0951,14,False
RPA0952,6,False
RPA0953,1,True
RPA0954,18,False
RPA0956,1,True
RPA0958,3,True
RPA0974,3,True
RPA0981,11,False
RPA0983,2,True
RPA0984,3,True
RPA0985,5,False
RPA0994,10,False
RPA0997,2,True
RPA0999,8,False
RPA1001,7,True
RPA1004,1,True
RPA1007,3,True
RPA1009,19,False
RPA1011,1,True
RPA1013,3,True
RPA1015,20,False
RPA1016,7,True
RPA1022,1,True
RPA1025,17,False
RPA1027,9,True
RPA1028,10,False
RPA1036,9,True
RPA1037,1,True
RPA1038,22,False
RPA1040,11,False
RPA1047,22,False
RPA1048,1,True
RPA1053,9,True
RPA1056,6,False
RPA1057,3,True
RPA1060,2,True
RPA1067,5,False
RPA1068,9,True
RPA1069,3,True
RPA1076,2,True
RPA1081,5,False
RPA1082,19,False
RPA1092,2,True
RPA1094,6,False
RPA1097,1,True
RPA1100,12,False
RPA1101,10,False
RPA1102,14,False
RPA1106,2,True
RPA1110,1,True
RPA1114,3,True
RPA1118,13,True
RPA1119,11,False
RPA1120,12,False
RPA1123,21,False
RPA1124,1,True
RPA1126,14,False
RPA1130,13,True
RPA1131,13,True
RPA1134,10,False
RPA1137,1,True
RPA1139,11,False
RPA1140,14,False
RPA1141,1,True
RPA1142,14,False
RPA1144,2,True
RPA1146,15,False
RPA1149,1,True
RPA1150,11,False
RPA1151,5,False
RPA1155,4,False
RPA1157,2,True
RPA1163,1,True
RPA1167,9,True
RPA1168,4,False
RPA1169,2,True
RPA1174,3,True
RPA1175,1,True
RPA1177,15,False
RPA1178,6,False
RPA1181,2,True
RPA1182,2,True
RPA1183,11,False
RPA1184,2,True
RPA1186,2,True
RPA1190,16,False
RPA1193,7,True
RPA1194,2,True
RPA1195,9,True
RPA1197,1,True
RPA1198,2,True
RPA1199,18,False
RPA1200,8,False
RPA1201,13,True
RPA1204,17,False
RPA1205,15,False
RPA1210,3,True
RPA1212,20,False
RPA1217,5,False
RPA1218,9,True
RPA1220,7,True
RPA1223,3,True
RPA1226,17,False
RPA1228,3,True
RPA1235,8,False
RPA1236,4,False
RPA1237,4,False
RPA1240,7,True
RPA1243,1,True
RPA1244,1,True
RPA1245,19,False
RPA1246,1,True
RPA1259,2,True
RPA1260,7,True
RPA1261,2,True
RPA1262,11,False
RPA1263,2,True
RPA1265,1,True
RPA1267,2,True
RPA1268,2,True
RPA1276,4,False
RPA1277,10,False
RPA1278,1,True
RPA1281,2,True
RPA1284,13,True
RPA1285,2,True
RPA1287,1,True
RPA1288,6,False
RPA1291,20,False
RPA1297,9,True
RPA1298,3,True
RPA1301,20,False
RPA1303,9,True
RPA1304,15,False
RPA1307,17,False
RPA1356,15,False
RPA1357,7,True
RPA1362,10,False
RPA1365,6,False
RPA1414,5,False
RPA1415,1,True
RPA1416,4,False
RPA1417,5,False
RPA1423,3,True
RPA1424,3,True
RPA1428,9,True
RPA1430,1,True
RPA1441,3,True
RPA1442,7,True
RPA1446,1,True
RPA1449,1,True
RPA1451,4,False
RPA1463,1,True
RPA1484,18,False
RPA1488,1,True
RPA1489,1,True
RPA1494,3,True
RPA1495,3,True
RPA1497,18,False
RPA1499,19,False
RPA1506,7,True
RPA1507,3,True
RPA1510,9,True
RPA1512,17,False
RPA1513,7,True
RPA1514,4,False
RPA1515,9,True
RPA1518,1,True
RPA1519,3,True
RPA1521,4,False
RPA1522,7,True
RPA1524,6,False
RPA1525,3,True
RPA1527,3,True
RPA1528,7,True
RPA1532,7,True
RPA1535,17,False
RPA1539,2,True
RPA1542,15,False
RPA1543,14,False
RPA1544,15,False
RPA1545,7,True
RPA1546,7,True
RPA1548,9,True
RPA1549,9,True
RPA1550,11,False
RPA1552,7,True
RPA1553,6,False
RPA1554,2,True
RPA1559,2,True
RPA1560,1,True
RPA1561,1,True
RPA1568,1,True
RPA1569,2,True
RPA1570,1,True
RPA1572,1,True
RPA1573,3,True
RPA1575,12,False
RPA1576,13,True
RPA1577,11,False
RPA1578,1,True
RPA1579,2,True
RPA1586,2,True
RPA1589,1,True
RPA1591,1,True
RPA1594,22,False
RPA1597,1,True
RPA1599,1,True
RPA1600,2,True
RPA1608,21,False
RPA1610,5,False
RPA1611,5,False
RPA1612,11,False
RPA1613,17,False
RPA1614,12,False
RPA1615,14,False
RPA1616,3,True
RPA1617,1,True
RPA1618,1,True
RPA1620,3,True
RPA1622,4,False
RPA1624,1,True
RPA1626,4,False
RPA1629,2,True
RPA1630,7,True
RPA1632,14,False
RPA1634,1,True
RPA1635,9,True
RPA1636,1,True
RPA1637,19,False
RPA1640,18,False
RPA1645,15,False
RPA1648,3,True
RPA1651,4,False
RPA1653,5,False
RPA1655,8,False
RPA1659,3,True
RPA1661,3,True
RPA1662,10,False
RPA1664,12,False
RPA1666,7,True
RPA1668,3,True
RPA1669,3,True
RPA1670,12,False
RPA1673,4,False
RPA1675,10,False
RPA1676,3,True
RPA1678,14,False
RPA1682,17,False
RPA1683,9,True
RPA1684,4,False
RPA1685,2,True
RPA1686,10,False
RPA1687,2,True
RPA1690,1,True
RPA1693,10,False
RPA1696,13,True
RPA1703,4,False
RPA1710,1,True
RPA1712,1,True
RPA1718,1,True
RPA1722,13,True
RPA1725,1,True
RPA1730,4,False
RPA1731,10,False
RPA1732,8,False
RPA1734,8,False
RPA1737,3,True
RPA1741,8,False
RPA1743,3,True
RPA1745,8,False
RPA1748,21,False
RPA1753,8,False
RPA1757,5,False
RPA1758,10,False
RPA1759,8,False
RPA1760,1,True
RPA1761,2,True
RPA1763,1,True
RPA1765,5,False
RPA1772,2,True
RPA1775,1,True
RPA1777,8,False
RPA1779,14,False
RPA1781,8,False
RPA1782,8,False
RPA1786,10,False
RPA1788,5,False
RPA1789,8,False
RPA1791,9,True
RPA1797,1,True
RPA1798,9,True
RPA1807,11,False
RPA1811,6,False
RPA1820,11,False
RPA1822,3,True
RPA1826,3,True
RPA1829,5,False
RPA1834,1,True
RPA1835,10,False
RPA1836,5,False
RPA1838,13,True
RPA1839,12,False
RPA1840,16,False
RPA1841,1,True
RPA1842,1,True
RPA1843,11,False
RPA1844,4,False
RPA1845,6,False
RPA1846,10,False
RPA1848,1,True
RPA1852,10,False
RPA1853,14,False
RPA1856,7,True
RPA1862,7,True
RPA1864,1,True
RPA1866,10,False
RPA1867,15,False
RPA1870,9,True
RPA1876,1,True
RPA1879,3,True
RPA1881,8,False
RPA1889,3,True
RPA1893,19,False
RPA1908,9,True
RPA1909,12,False
RPA1915,4,False
RPA1917,15,False
RPA1919,15,False
RPA1920,11,False
RPA1929,11,False
RPA1932,1,True
RPA1933,6,False
RPA1942,5,False
RPA1945,2,True
RPA1949,13,True
RPA1955,2,True
RPA1957,4,False
RPA1958,4,False
RPA1960,8,False
RPA1962,1,True
RPA1966,12,False
RPA1969,2,True
RPA1970,10,False
RPA1973,5,False
RPA1974,4,False
RPA1975,14,False
RPA1977,5,False
RPA1979,2,True
RPA1980,2,True
RPA1981,5,False
RPA1983,2,True
RPA1984,2,True
RPA1986,18,False
RPA1992,8,False
RPA1994,1,True
RPA1995,1,True
RPA1997,7,True
RPA2000,3,True
RPA2002,7,True
RPA2005,13,True
RPA2006,3,True
RPA2008,8,False
RPA2010,2,True
RPA2014,12,False
RPA2017,1,True
RPA2019,4,False
RPA2020,14,False
RPA2022,1,True
RPA2028,7,True
RPA2031,11,False
RPA2032,14,False
RPA2033,2,True
RPA2035,4,False
RPA2037,9,True
RPA2043,1,True
RPA2044,5,False
RPA2045,4,False
RPA2046,4,False
RPA2047,7,True
RPA2050,20,False
RPA2057,1,True
RPA2061,7,True
RPA2065,1,True
RPA2070,9,True
RPA2081,9,True
RPA2082,9,True
RPA2084,16,False
RPA2088,7,True
RPA2090,1,True
RPA2105,8,False
RPA2108,1,True
RPA2117,3,True
RPA2120,9,True
RPA2121,3,True
RPA2123,9,True
RPA2124,3,True
RPA2125,7,True
RPA2126,9,True
RPA2135,2,True
RPA2136,21,False
RPA2141,8,False
RPA2142,10,False
RPA2153,4,False
RPA2155,14,False
RPA2158,10,False
RPA2161,8,False
RPA2163,2,True
RPA2164,18,False
RPA2165,2,True
RPA2170,10,False
RPA2172,20,False
RPA2174,10,False
RPA2177,3,True
RPA2178,4,False
RPA2179,12,False
RPA2181,4,False
RPA2183,5,False
RPA2185,12,False
RPA2186,1,True
RPA2189,10,False
RPA2190,2,True
RPA2191,1,True
RPA2192,10,False
RPA2197,10,False
RPA2200,5,False
RPA2201,4,False
RPA2202,1,True
RPA2203,16,False
RPA2217,13,True
RPA2221,4,False
RPA2229,12,False
RPA2242,2,True
RPA2272,2,True
RPA2276,10,False
RPA2279,3,True
RPA2280,13,True
RPA2282,19,False
RPA2283,8,False
RPA2285,11,False
RPA2290,1,True
RPA2293,15,False
RPA2294,1,True
RPA2298,2,True
RPA2302,7,True
RPA2303,14,False
RPA2304,8,False
RPA2305,3,True
RPA2307,2,True
RPA2311,5,False
RPA2314,21,False
RPA2316,4,False
RPA2317,2,True
RPA2319,10,False
RPA2325,17,False
RPA2331,5,False
RPA2334,3,True
RPA2335,16,False
RPA2343,3,True
RPA2344,12,False
RPA2345,1,True
RPA2350,1,True
RPA2353,9,True
RPA2357,1,True
RPA2385,7,True
RPA2388,3,True
RPA2415,9,True
RPA2420,22,False
RPA2421,2,True
RPA2424,3,True
RPA2425,4,False
RPA2426,1,True
RPA2427,10,False
RPA2432,21,False
RPA2433,13,True
RPA2434,1,True
RPA2435,2,True
RPA2436,9,True
RPA2437,15,False
RPA2438,10,False
RPA2442,1,True
RPA2445,15,False
RPA2446,6,False
RPA2450,6,False
RPA2455,2,True
RPA2460,6,False
RPA2461,2,True
RPA2462,1,True
RPA2463,2,True
RPA2464,2,True
RPA2465,4,False
RPA2466,1,True
RPA2467,5,False
RPA2468,1,True
RPA2471,1,True
RPA2473,10,False
RPA2477,1,True
RPA2486,1,True
RPA2488,2,True
RPA2491,5,False
RPA2496,3,True
RPA2500,1,True
RPA2501,6,False
RPA2502,15,False
RPA2503,6,False
RPA2504,6,False
RPA2505,1,True
RPA2507,13,True
RPA2511,12,False
RPA2513,2,True
RPA2516,19,False
RPA2521,5,False
RPA2523,8,False
RPA2524,9,True
RPA2537,10,False
RPA2540,19,False
RPA2543,21,False
RPA2546,21,False
RPA2547,3,True
RPA2552,2,True
RPA2553,15,False
RPA2560,7,True
RPA2568,4,False
RPA2569,1,True
RPA2572,5,False
RPA2573,7,True
RPA2576,1,True
RPA2579,21,False
RPA2580,5,False
RPA2582,1,True
RPA2583,22,False
RPA2584,1,True
RPA2587,11,False
RPA2590,14,False
RPA2592,14,False
RPA2593,7,True
RPA2594,1,True
RPA2595,3,True
RPA2596,1,True
RPA2597,9,True
RPA2601,16,False
RPA2602,17,False
RPA2604,13,True
RPA2606,3,True
RPA2607,2,True
RPA2612,12,False
RPA2619,6,False
RPA2620,2,True
RPA2621,13,True
RPA2624,10,False
RPA2628,1,True
RPA2642,18,False
RPA2646,1,True
RPA2647,4,False
RPA2648,13,True
RPA2651,2,True
RPA2652,13,True
RPA2654,3,True
RPA2656,1,True
RPA2658,1,True
RPA2659,6,False
RPA2660,18,False
RPA2661,11,False
RPA2667,1,True
RPA2669,11,False
RPA2671,18,False
RPA2674,1,True
RPA2675,19,False
RPA2681,10,False
RPA2682,4,False
RPA2683,2,True
RPA2684,16,False
RPA2685,15,False
RPA2687,2,True
RPA2688,9,True
RPA2689,8,False
RPA2691,4,False
RPA2692,2,True
RPA2693,5,False
RPA2694,4,False
RPA2695,10,False
RPA2697,2,True
RPA2701,12,False
RPA2702,4,False
RPA2703,17,False
RPA2712,7,True
RPA2714,2,True
RPA2715,10,False
RPA2716,9,True
RPA2717,22,False
RPA2720,5,False
RPA2724,7,True
RPA2725,1,True
RPA2726,6,False
RPA2727,5,False
RPA2728,12,False
RPA2729,2,True
RPA2731,9,True
RPA2732,10,False
RPA2735,7,True
RPA2737,12,False
RPA2738,16,False
RPA2739,1,True
RPA2740,7,True
RPA2741,1,True
RPA2742,13,True
RPA2748,2,True
RPA2749,16,False
RPA2755,3,True
RPA2763,8,False
RPA2764,12,False
RPA2765,4,False
RPA2766,11,False
RPA2767,6,False
RPA2768,2,True
RPA2770,13,True
RPA2772,3,True
RPA2773,5,False
RPA2775,4,False
RPA2777,12,False
RPA2778,5,False
RPA2779,5,False
RPA2782,8,False
RPA2787,12,False
RPA2788,9,True
RPA2799,17,False
RPA2801,1,True
RPA2803,2,True
RPA2805,2,True
RPA2807,2,True
RPA2810,1,True
RPA2811,6,False
RPA2812,11,False
RPA2814,2,True
RPA2816,3,True
RPA2819,9,True
RPA2822,19,False
RPA2823,2,True
RPA2825,3,True
RPA2831,13,True
RPA2832,2,True
RPA2837,18,False
RPA2838,8,False
RPA2839,2,True
RPA2841,8,False
RPA2844,1,True
RPA2845,1,True
RPA2849,15,False
RPA2850,11,False
RPA2851,4,False
RPA2852,4,False
RPA2853,11,False
RPA2854,16,False
RPA2855,4,False
RPA2856,1,True
RPA2862,15,False
RPA2863,1,True
RPA2864,13,True
RPA2865,2,True
RPA2866,4,False
RPA2867,1,True
RPA2869,8,False
RPA2872,2,True
RPA2873,1,True
RPA2874,4,False
RPA2875,12,False
RPA2879,5,False
RPA2883,20,False
RPA2886,6,False
RPA2887,2,True
RPA2889,18,False
RPA2890,2,True
RPA2895,17,False
RPA2898,4,False
RPA2901,3,True
RPA2902,14,False
RPA2903,12,False
RPA2905,6,False
RPA2906,14,False
RPA2907,21,False
RPA2908,13,True
RPA2910,2,True
RPA2913,1,True
RPA2914,6,False
RPA2916,3,True
RPA2919,1,True
RPA2921,14,False
RPA2922,4,False
RPA2923,5,False
RPA2926,12,False
RPA2928,6,False
RPA2930,2,True
RPA2931,21,False
RPA2934,1,True
RPA2936,4,False
RPA2942,5,False
RPA2945,2,True
RPA2947,13,True
RPA2948,1,True
RPA2950,2,True
RPA2953,8,False
RPA2959,1,True
RPA2960,18,False
RPA2961,5,False
RPA2962,11,False
RPA2963,2,True
RPA2966,1,True
RPA2967,9,True
RPA2969,3,True
RPA2971,5,False
RPA2973,22,False
RPA2974,2,True
RPA2977,1,True
RPA2983,19,False
RPA2986,5,False
RPA3001,18,False
RPA3009,3,True
RPA3011,7,True
RPA3015,3,True
RPA3018,7,True
RPA3023,3,True
RPA3024,1,True
RPA3030,15,False
RPA3031,7,True
RPA3032,5,False
RPA3033,1,True
RPA3034,19,False
RPA3038,1,True
RPA3039,14,False
RPA3040,5,False
RPA3043,14,False
RPA3045,4,False
RPA3051,2,True
RPA3053,2,True
RPA3054,9,True
RPA3056,13,True
RPA3057,6,False
RPA3058,2,True
RPA3059,1,True
RPA3060,4,False
RPA3064,2,True
RPA3065,16,False
RPA3067,1,True
RPA3069,2,True
RPA3070,18,False
RPA3071,4,False
RPA3072,8,False
RPA3073,2,True
RPA3074,7,True
RPA3075,16,False
RPA3077,5,False
RPA3080,11,False
RPA3084,1,True
RPA3088,3,True
RPA3090,15,False
RPA3091,1,True
RPA3092,3,True
RPA3093,8,False
RPA3095,6,False
RPA3096,1,True
RPA3098,22,False
RPA3104,9,True
RPA3105,1,True
RPA3106,2,True
RPA3107,6,False
RPA3109,1,True
RPA3111,2,True
RPA3113,1,True
RPA3114,3,True
RPA3116,6,False
RPA3118,6,False
RPA3124,6,False
RPA3125,2,True
RPA3127,13,True
RPA3130,15,False
RPA3133,1,True
RPA3136,20,False
RPA3138,4,False
RPA3147,11,False
RPA3148,12,False
RPA3149,22,False
RPA3151,2,True
RPA3157,7,True
RPA3158,2,True
RPA3159,5,False
RPA3163,3,True
RPA3164,9,True
RPA3167,1,True
RPA3169,1,True
RPA3173,16,False
RPA3174,9,True
RPA3175,6,False
RPA3176,11,False
RPA3185,17,False
RPA3186,5,False
RPA3188,10,False
RPA3190,6,False
RPA3191,8,False
RPA3192,17,False
RPA3193,8,False
RPA3195,11,False
RPA3199,15,False
RPA3203,11,False
RPA3206,14,False
RPA3207,2,True
RPA3215,2,True
RPA3217,9,True
RPA3218,12,False
RPA3221,6,False
RPA3223,3,True
RPA3224,13,True
RPA3225,4,False
RPA3226,4,False
RPA3227,8,False
RPA3229,14,False
RPA3231,2,True
RPA3232,1,True
RPA3233,6,False
RPA3234,5,False
RPA3235,5,False
RPA3236,4,False
RPA3237,8,False
RPA3238,1,True
RPA3239,2,True
RPA3240,6,False
RPA3241,8,False
RPA3242,1,True
RPA3243,6,False
RPA3244,6,False
RPA3245,5,False
RPA3246,13,True
RPA3247,6,False
RPA3248,2,True
RPA3249,11,False
RPA3250,1,True
RPA3251,5,False
RPA3253,6,False
RPA3254,5,False
RPA3255,6,False
RPA3261,1,True
RPA3265,1,True
RPA3266,6,False
RPA3268,6,False
RPA3269,2,True
RPA3272,4,False
RPA3273,5,False
RPA3274,4,False
RPA3283,14,False
RPA3284,8,False
RPA3285,13,True
RPA3286,4,False
RPA3287,4,False
RPA3288,16,False
RPA3289,4,False
RPA3293,5,False
RPA3294,21,False
RPA3297,9,True
RPA3301,4,False
RPA3302,2,True
RPA3308,12,False
RPA3309,10,False
RPA3311,7,True
RPA3313,10,False
RPA3321,20,False
RPA3322,12,False
RPA3328,1,True
RPA3354,1,True
RPA3360,3,True
RPA3362,1,True
RPA3363,1,True
RPA3364,14,False
RPA3366,1,True
RPA3372,10,False
RPA3373,11,False
RPA3377,8,False
RPA3380,5,False
RPA3381,2,True
RPA3388,2,True
RPA3389,19,False
RPA3390,5,False
RPA3391,14,False
RPA3392,2,True
RPA3396,17,False
RPA3400,2,True
RPA3402,8,False
RPA3403,2,True
RPA3409,2,True
RPA3412,1,True
RPA3416,13,True
RPA3422,2,True
RPA3423,17,False
RPA3425,1,True
RPA3429,11,False
RPA3430,2,True
RPA3432,2,True
RPA3435,1,True
RPA3439,14,False
RPA3440,1,True
RPA3442,12,False
RPA3444,9,True
RPA3445,1,True
RPA3446,5,False
RPA3447,3,True
RPA3449,5,False
RPA3450,14,False
RPA3451,16,False
RPA3457,20,False
RPA3458,8,False
RPA3466,12,False
RPA3470,8,False
RPA3471,2,True
RPA3472,13,True
RPA3473,10,False
RPA3474,8,False
RPA3476,11,False
RPA3477,2,True
RPA3479,16,False
RPA3481,2,True
RPA3482,2,True
RPA3485,4,False
RPA3486,3,True
RPA3488,4,False
RPA3490,6,False
RPA3491,14,False
RPA3493,5,False
RPA3494,9,True
RPA3499,2,True
RPA3501,3,True
RPA3502,19,False
RPA3506,1,True
RPA3507,15,False
RPA3510,13,True
RPA3511,13,True
RPA3515,4,False
RPA3517,9,True
RPA3519,11,False
RPA3520,1,True
RPA3522,4,False
RPA3523,20,False
RPA3525,6,False
RPA3528,14,False
RPA3529,7,True
RPA3530,15,False
RPA3532,4,False
RPA3534,6,False
RPA3538,12,False
RPA3540,7,True
RPA3541,1,True
RPA3543,11,False
RPA3546,11,False
RPA3548,2,True
RPA3549,8,False
RPA3554,1,True
RPA3555,11,False
RPA3557,2,True
RPA3561,3,True
RPA3562,1,True
RPA3564,3,True
RPA3567,9,True
RPA3568,10,False
RPA3574,1,True
RPA3575,12,False
RPA3576,4,False
RPA3577,6,False
RPA3583,20,False
RPA3588,13,True
RPA3591,20,False
RPA3592,18,False
RPA3593,15,False
RPA3594,1,True
RPA3595,17,False
RPA3596,14,False
RPA3600,2,True
RPA3605,16,False
RPA3607,1,True
RPA3609,6,False
RPA3613,4,False
RPA3614,2,True
RPA3615,6,False
RPA3618,4,False
RPA3619,1,True
RPA3622,11,False
RPA3624,8,False
RPA3626,10,False
RPA3627,5,False
RPA3628,14,False
RPA3629,2,True
RPA3635,4,False
RPA3636,4,False
RPA3637,4,False
RPA3639,12,False
RPA3641,1,True
RPA3643,13,True
RPA3644,1,True
RPA3646,14,False
RPA3648,10,False
RPA3651,15,False
RPA3653,13,True
RPA3654,12,False
RPA3657,2,True
RPA3659,8,False
RPA3660,9,True
RPA3661,13,True
RPA3662,2,True
RPA3663,1,True
RPA3669,1,True
RPA3671,2,True
RPA3679,10,False
RPA3680,20,False
RPA3685,14,False
RPA3687,14,False
RPA3691,6,False
RPA3693,2,True
RPA3694,2,True
RPA3696,8,False
RPA3700,8,False
RPA3701,3,True
RPA3702,22,False
RPA3706,13,True
RPA3707,3,True
RPA3708,4,False
RPA3713,2,True
RPA3714,1,True
RPA3715,1,True
RPA3717,6,False
RPA3724,12,False
RPA3725,12,False
RPA3726,10,False
RPA3729,9,True
RPA3730,1,True
RPA3732,11,False
RPA3735,1,True
RPA3740,21,False
RPA3741,2,True
RPA3742,6,False
RPA3743,14,False
RPA3744,1,True
RPA3745,2,True
RPA3749,17,False
RPA3751,3,True
RPA3755,13,True
RPA3756,2,True
RPA3759,8,False
RPA3760,13,True
RPA3761,8,False
RPA3762,7,True
RPA3763,13,True
RPA3764,1,True
RPA3766,2,True
RPA3770,11,False
RPA3771,1,True
RPA3773,3,True
RPA3776,1,True
RPA3778,5,False
RPA3779,3,True
RPA3781,2,True
RPA3785,12,False
RPA3786,3,True
RPA3790,3,True
RPA3791,7,True
RPA3798,4,False
RPA3799,1,True
RPA3801,4,False
RPA3802,13,True
RPA3803,8,False
RPA3804,2,True
RPA3809,14,False
RPA3810,17,False
RPA3815,5,False
RPA3817,11,False
RPA3818,4,False
RPA3819,2,True
RPA3820,1,True
RPA3822,13,True
RPA3825,10,False
RPA3827,20,False
RPA3831,1,True
RPA3834,4,False
RPA3841,17,False
RPA3847,7,True
RPA3848,7,True
RPA3849,15,False
RPA3856,8,False
RPA3861,15,False
RPA3864,10,False
RPA3868,2,True
RPA3871,6,False
RPA3872,10,False
RPA3875,6,False
RPA3876,6,False
RPA3881,11,False
RPA3886,1,True
RPA3887,1,True
RPA3889,20,False
RPA3892,3,True
RPA3895,1,True
RPA3896,17,False
RPA3898,14,False
RPA3899,15,False
RPA3900,1,True
RPA3902,10,False
RPA3906,12,False
RPA3908,3,True
RPA3913,13,True
RPA3914,1,True
RPA3915,13,True
RPA3919,10,False
RPA3923,5,False
RPA3924,10,False
RPA3929,7,True
RPA3930,1,True
RPA3931,13,True
RPA3932,3,True
RPA3937,1,True
RPA3940,12,False
RPA3943,2,True
RPA3947,19,False
RPA3952,9,True
RPA3954,1,True
RPA3956,2,True
RPA3958,15,False
RPA3960,13,True
RPA3961,2,True
RPA3964,8,False
RPA3966,1,True
RPA3972,17,False
RPA3973,10,False
RPA3974,6,False
RPA3978,14,False
RPA3979,12,False
RPA3984,11,False
RPA3985,5,False
RPA3987,8,False
RPA3988,3,True
RPA3992,8,False
RPA4008,4,False
RPA4015,6,False
RPA4016,9,True
RPA4018,1,True
RPA4019,17,False
RPA4024,10,False
RPA4025,4,False
RPA4029,10,False
RPA4031,1,True
RPA4033,9,True
RPA4034,5,False
RPA4042,8,False
RPA4045,12,False
RPA4048,1,True
RPA4049,1,True
RPA4052,22,False
RPA4053,9,True
RPA4054,1,True
RPA4067,8,False
RPA4069,2,True
RPA4071,6,False
RPA4072,1,True
RPA4074,12,False
RPA4076,13,True
RPA4077,1,True
RPA4078,2,True
RPA4081,3,True
RPA4088,7,True
RPA4089,17,False
RPA4090,2,True
RPA4092,1,True
RPA4105,3,True
RPA4119,3,True
RPA4128,1,True
RPA4129,1,True
RPA4130,13,True
RPA4133,1,True
RPA4134,1,True
RPA4137,1,True
RPA4138,1,True
RPA4141,1,True
RPA4142,10,False
RPA4143,4,False
RPA4147,3,True
RPA4148,3,True
RPA4149,2,True
RPA4152,9,True
RPA4154,15,False
RPA4155,2,True
RPA4156,5,False
RPA4160,2,True
RPA4170,8,False
RPA4174,4,False
RPA4175,9,True
RPA4176,15,False
RPA4177,15,False
RPA4178,1,True
RPA4179,2,True
RPA4180,22,False
RPA4182,7,True
RPA4187,7,True
RPA4188,11,False
RPA4190,1,True
RPA4191,15,False
RPA4192,5,False
RPA4193,6,False
RPA4194,8,False
RPA4196,4,False
RPA4198,8,False
RPA4200,8,False
RPA4206,2,True
RPA4208,2,True
RPA4212,4,False
RPA4213,6,False
RPA4214,1,True
RPA4216,1,True
RPA4217,21,False
RPA4223,12,False
RPA4225,2,True
RPA4227,2,True
RPA4230,5,False
RPA4232,9,True
RPA4236,18,False
RPA4244,3,True
RPA4245,3,True
RPA4246,7,True
RPA4247,3,True
RPA4248,7,True
RPA4249,3,True
RPA4250,11,False
RPA4251,3,True
RPA4259,7,True
RPA4260,14,False
RPA4261,3,True
RPA4266,1,True
RPA4267,1,True
RPA4268,13,True
RPA4269,2,True
RPA4271,7,True
RPA4272,2,True
RPA4282,9,True
RPA4284,3,True
RPA4285,12,False
RPA4286,12,False
RPA4288,18,False
RPA4293,3,True
RPA4294,14,False
RPA4295,16,False
RPA4297,5,False
RPA4302,19,False
RPA4304,16,False
RPA4305,22,False
RPA4306,4,False
RPA4307,3,True
RPA4308,6,False
RPA4309,9,True
RPA4311,3,True
RPA4313,3,True
RPA4320,1,True
RPA4321,10,False
RPA4325,15,False
RPA4327,1,True
RPA4328,3,True
RPA4329,17,False
RPA4332,12,False
RPA4333,7,True
RPA4336,16,False
RPA4337,9,True
RPA4344,19,False
RPA4346,4,False
RPA4347,15,False
RPA4351,4,False
RPA4352,8,False
RPA4354,4,False
RPA4355,5,False
RPA4356,2,True
RPA4357,1,True
RPA4359,1,True
RPA4360,2,True
RPA4361,1,True
RPA4366,4,False
RPA4368,11,False
RPA4369,2,True
RPA4370,8,False
RPA4371,1,True
RPA4372,22,False
RPA4377,11,False
RPA4378,8,False
RPA4380,17,False
RPA4381,8,False
RPA4382,9,True
RPA4383,1,True
RPA4393,1,True
RPA4394,11,False
RPA4395,1,True
RPA4402,16,False
RPA4403,4,False
RPA4404,5,False
RPA4412,5,False
RPA4418,1,True
RPA4419,2,True
RPA4420,2,True
RPA4423,1,True
RPA4424,10,False
RPA4425,8,False
RPA4430,20,False
RPA4431,17,False
RPA4433,14,False
RPA4434,5,False
RPA4436,9,True
RPA4439,1,True
RPA4440,11,False
RPA4441,6,False
RPA4442,10,False
RPA4443,1,True
RPA4447,1,True
RPA4449,15,False
RPA4451,14,False
RPA4452,3,True
RPA4453,3,True
RPA4457,20,False
RPA4460,3,True
RPA4463,10,False
RPA4464,2,True
RPA4465,2,True
RPA4466,20,False
RPA4467,10,False
RPA4468,10,False
RPA4469,1,True
RPA4470,13,True
RPA4471,19,False
RPA4474,2,True
RPA4478,2,True
RPA4482,2,True
RPA4484,13,True
RPA4486,3,True
RPA4487,21,False
RPA4489,18,False
RPA4494,16,False
RPA4498,4,False
RPA4499,9,True
RPA4502,1,True
RPA4503,1,True
RPA4504,6,False
RPA4505,1,True
RPA4506,15,False
RPA4510,1,True
RPA4513,6,False
RPA4519,11,False
RPA4522,3,True
RPA4525,8,False
RPA4530,14,False
RPA4531,6,False
RPA4533,1,True
RPA4535,21,False
RPA4550,1,True
RPA4551,19,False
RPA4556,6,False
RPA4562,10,False
RPA4563,17,False
RPA4568,1,True
RPA4569,6,False
RPA4571,12,False
RPA4572,15,False
RPA4573,12,False
RPA4578,3,True
RPA4584,10,False
RPA4585,1,True
RPA4596,1,True
RPA4635,7,True
RPA4636,3,True
RPA4639,1,True
RPA4641,7,True
RPA4642,7,True
RPA4644,3,True
RPA4645,7,True
RPA4646,2,True
RPA4648,2,True
RPA4650,1,True
RPA4652,13,True
RPA4654,10,False
RPA4655,14,False
RPA4656,5,False
RPA4657,1,True
RPA4658,1,True
RPA4661,4,False
RPA4663,7,True
RPA4667,13,True
RPA4668,8,False
RPA4669,5,False
RPA4673,1,True
RPA4677,13,True
RPA4678,3,True
RPA4679,15,False
RPA4685,12,False
RPA4688,2,True
RPA4691,3,True
RPA4692,12,False
RPA4693,2,True
RPA4694,7,True
RPA4696,4,False
RPA4697,8,False
RPA4699,4,False
RPA4700,8,False
RPA4701,2,True
RPA4702,4,False
RPA4703,2,True
RPA4705,11,False
RPA4707,17,False
RPA4708,8,False
RPA4709,15,False
RPA4717,3,True
RPA4719,22,False
RPA4722,3,True
RPA4724,12,False
RPA4728,2,True
RPA4729,9,True
RPA4730,10,False
RPA4731,1,True
RPA4733,17,False
RPA4736,14,False
RPA4738,1,True
RPA4739,1,True
RPA4740,2,True
RPA4742,1,True
RPA4743,6,False
RPA4744,11,False
RPA4748,16,False
RPA4749,14,False
RPA4750,4,False
RPA4751,2,True
RPA4756,1,True
RPA4760,3,True
RPA4766,1,True
RPA4767,2,True
RPA4768,9,True
RPA4770,8,False
RPA4771,7,True
RPA4775,4,False
RPA4776,2,True
RPA4780,21,False
RPA4784,7,True
RPA4786,1,True
RPA4787,16,False
RPA4791,1,True
RPA4796,6,False
RPA4797,16,False
RPA4798,2,True
RPA4799,4,False
RPA4803,22,False
RPA4804,2,True
RPA4805,2,True
RPA4807,12,False
RPA4809,9,True
RPA4813,6,False
RPA4815,8,False
RPA4817,7,True
RPA4818,3,True
RPA4819,3,True
RPA4820,7,True
RPA4821,9,True
RPA4823,10,False
RPA4824,15,False
RPA4828,21,False
RPA4829,1,True
RPA4832,4,False
RPA4834,8,False
RPA4835,13,True
RPA4836,13,True
PRPA2,4,False
PRPA5,2,True
